<?xml version="1.0" encoding="UTF-8"?>
<project-private xmlns="http://www.netbeans.org/ns/project-private/1">
    <editor-bookmarks xmlns="http://www.netbeans.org/ns/editor-bookmarks/2" lastBookmarkId="0"/>
    <open-files xmlns="http://www.netbeans.org/ns/projectui-open-files/2">
        <group>
            <file>file:/F:/Final%20Integration%20Process/Attempt%20-%202/NetworkScanner/src/Scanner/Customizer.java</file>
            <file>file:/F:/Final%20Integration%20Process/Attempt%20-%202/NetworkScanner/src/Scanner/Scanner.java</file>
            <file>file:/F:/Final%20Integration%20Process/Attempt%20-%202/NetworkScanner/src/Scanner/ScannerMain.java</file>
        </group>
    </open-files>
</project-private>
